{
  "irr": -0.045097595641051015,
  "equity_multiple": 0.7640952761533124,
  "average_cash_on_cash": -0.03530330311783838,
  "year1_dscr": 0.7928793973040906,
  "going_in_cap": 0.04386400000000001,
  "stabilized_cap": 0.06175555005114,
  "exit_value": 1182602.55,
  "exit_noi": 74106.66,
  "net_sale_proceeds": 369096.07,
  "total_equity": 392400,
  "annual_noi": [
    52636.8,
    63408.98,
    67676.03,
    70840.91,
    74106.66
  ],
  "annual_property_tax": [
    28500,
    29070,
    29651.4,
    30244.43,
    30849.32
  ],
  "monthly_gpr_head": [
    11500,
    11500,
    11500,
    11500,
    11500,
    11500,
    11500,
    11500,
    11500,
    11500,
    11500,
    11500,
    11845,
    11845,
    11845,
    11845,
    11845,
    11845,
    11845,
    11845,
    11845,
    11845,
    11845,
    11845
  ],
  "monthly_gpr_tail": [
    12943.35,
    12943.35,
    12943.35,
    12943.35,
    12943.35,
    12943.35,
    12943.35,
    12943.35,
    12943.35,
    12943.35,
    12943.35,
    12943.35
  ]
}
