{
  "irr": 0.07976390987493988,
  "equity_multiple": 1.4577313022824836,
  "average_cash_on_cash": 0.039232843012766215,
  "year1_dscr": 1.25,
  "going_in_cap": 0.040015866666666663,
  "stabilized_cap": 0.07950421282136799,
  "exit_value": 1422584.47,
  "exit_noi": 95405.06,
  "net_sale_proceeds": 937078.09,
  "total_equity": 742788.95,
  "annual_noi": [
    48019.04,
    81546.78,
    87448.72,
    91365.18,
    95405.06
  ],
  "annual_property_tax": [
    28500,
    29070,
    29651.4,
    30244.43,
    30849.32
  ],
  "monthly_gpr_head": [
    9775,
    10100,
    10350,
    9475,
    11825,
    11825,
    13050,
    11975,
    13200,
    12125,
    12350,
    12350,
    13982.25,
    11845,
    14214,
    14214,
    14214,
    14214,
    14214,
    14214,
    14214,
    14214,
    14214,
    14214
  ],
  "monthly_gpr_tail": [
    15532.02,
    15532.02,
    15532.02,
    15532.02,
    15532.02,
    15532.02,
    15532.02,
    15532.02,
    15532.02,
    15532.02,
    15532.02,
    15532.02
  ]
}
