{
  "irr": null,
  "equity_multiple": -1.0266584095018825,
  "average_cash_on_cash": -0.13197431800254225,
  "year1_dscr": 0.30053983758016656,
  "going_in_cap": 0.01671110416666667,
  "stabilized_cap": 0.029415768591581706,
  "exit_value": 373310.43,
  "exit_noi": 18826.09,
  "net_sale_proceeds": -49141.56,
  "total_equity": 209280,
  "annual_noi": [
    10695.11,
    20395.61,
    21702.22,
    23049.48,
    17531.9,
    18826.09
  ],
  "annual_property_tax": [
    7100,
    7242,
    7386.84,
    7534.58,
    14592,
    14883.84
  ],
  "monthly_gpr_head": [
    4575,
    4575,
    4575,
    4575,
    4575,
    4575,
    4575,
    4575,
    4575,
    4575,
    4575,
    4575,
    4712.25,
    4712.25,
    4712.25,
    4712.25,
    4712.25,
    4712.25,
    4712.25,
    4712.25,
    4712.25,
    4712.25,
    4712.25,
    4712.25
  ],
  "monthly_gpr_tail": [
    5303.68,
    5303.68,
    5303.68,
    5303.68,
    5303.68,
    5303.68,
    5303.68,
    5303.68,
    5303.68,
    5303.68,
    5303.68,
    5303.68
  ]
}
