{
  "irr": 0.09645638815767896,
  "equity_multiple": 1.7264310328153778,
  "average_cash_on_cash": 0.04877120026057624,
  "year1_dscr": 1.2499999999999998,
  "going_in_cap": 0.047727803125,
  "stabilized_cap": 0.08965847667272736,
  "exit_value": 800279.79,
  "exit_noi": 57381.43,
  "net_sale_proceeds": 499309.18,
  "total_equity": 348240.93,
  "annual_noi": [
    30545.79,
    54259,
    56687.11,
    59189.51,
    54861.73,
    57381.43
  ],
  "annual_property_tax": [
    7100,
    7242,
    7386.84,
    7534.58,
    14592,
    14883.84
  ],
  "monthly_gpr_head": [
    3150,
    3565,
    6720,
    7715,
    7715,
    6720,
    6720,
    7865,
    7115,
    8110,
    8110,
    8110,
    8353.3,
    8353.3,
    8353.3,
    8353.3,
    8353.3,
    8353.3,
    8353.3,
    8353.3,
    8353.3,
    8353.3,
    8353.3,
    8353.3
  ],
  "monthly_gpr_tail": [
    9401.71,
    9401.71,
    9401.71,
    9401.71,
    9401.71,
    9401.71,
    9401.71,
    9401.71,
    9401.71,
    9401.71,
    9401.71,
    9401.71
  ]
}
