{
  "irr": 0.10809779796829609,
  "equity_multiple": 1.9318380863168834,
  "average_cash_on_cash": 0.02787864950221507,
  "year1_dscr": 0.8583577755357177,
  "going_in_cap": 0.047727803125,
  "stabilized_cap": 0.08965847667272736,
  "exit_value": 800279.79,
  "exit_noi": 57381.43,
  "net_sale_proceeds": 369288.41,
  "total_equity": 209280,
  "annual_noi": [
    30545.79,
    54259,
    56687.11,
    59189.51,
    54861.73,
    57381.43
  ],
  "annual_property_tax": [
    7100,
    7242,
    7386.84,
    7534.58,
    14592,
    14883.84
  ],
  "monthly_gpr_head": [
    3150,
    3565,
    6720,
    7715,
    7715,
    6720,
    6720,
    7865,
    7115,
    8110,
    8110,
    8110,
    8353.3,
    8353.3,
    8353.3,
    8353.3,
    8353.3,
    8353.3,
    8353.3,
    8353.3,
    8353.3,
    8353.3,
    8353.3,
    8353.3
  ],
  "monthly_gpr_tail": [
    9401.71,
    9401.71,
    9401.71,
    9401.71,
    9401.71,
    9401.71,
    9401.71,
    9401.71,
    9401.71,
    9401.71,
    9401.71,
    9401.71
  ]
}
